title,company,location,link
데이터사이언스,현대모비스,서울 강남구,https://kr.indeed.com/viewjob?jk=b2dcde80ceb3c957
2020 Market Data Analyst - Seoul (Korean Speaker),Bloomberg,서울,https://kr.indeed.com/viewjob?jk=b3dc36f873b9e4e3
데이터 분석가 (Business Intelligence Analyst),코스닥 상장 중견 게임기업,서울 강남구,https://kr.indeed.com/viewjob?jk=c1037225077ca4da
2020년도 각 부문별 경력사원,에이에스엠엘코리아,경기도 평택,https://kr.indeed.com/viewjob?jk=1567c595a4a03300
Machine Learning Research - Speech Recognition,Qualcomm,서울,https://kr.indeed.com/viewjob?jk=19b7736d5aa3f7e5
Datacenter Engineer,Oracle,서울,https://kr.indeed.com/viewjob?jk=093f47c6ce49b7a8
데이터 전문가 경력,LG CNS,서울,https://kr.indeed.com/viewjob?jk=58cc6ed62bc6c250
[홈쇼핑모아] 핵심기능 개발팀 / 백엔드 엔지니어,버즈니,서울,https://kr.indeed.com/viewjob?jk=513eac573df04da8
Support Engineer,Microsoft,서울,https://kr.indeed.com/viewjob?jk=0bbf23c0930be392
[Search] Global API 서빙 플랫폼 개발,네이버,서울,https://kr.indeed.com/viewjob?jk=6644e94fb52e7c0b
[Talent Pool] Full-Stack Developer,Calm Island,서울,https://kr.indeed.com/viewjob?jk=9e820d9166d806d1
Developer / Designer recruit,마이뮤직테이스트,서울 논현동,https://kr.indeed.com/viewjob?jk=55a19c92c845685e
(개인마케팅부)데이터분석전문직무직원,KB국민은행,서울 여의도,https://kr.indeed.com/viewjob?jk=79f80f0f02838328
AI/빅데이터/클라우드 분야 (인재 Pool),LG유플러스,서울,https://kr.indeed.com/viewjob?jk=fb617eeb80ea6fa9
[홈쇼핑모아] 검색 개발팀 / 백엔드 엔지니어,버즈니,서울,https://kr.indeed.com/viewjob?jk=0f7280d26837bc74
Information Management Office Cybersecurity Engineer,Booz Allen Hamilton,서울,https://kr.indeed.com/viewjob?jk=4c3776c4cce63109
[기술 공채] 보안,NHN] [기술 경력공채,성남 판교역,https://kr.indeed.com/viewjob?jk=6c6dff0556281b12
Support Engineer _ Devices & IoT,Microsoft,서울,https://kr.indeed.com/viewjob?jk=7af1798e214d4067
'20년 AMOREPACIFIC 경력채용_플랫폼 Back-end 개발,아모레퍼시픽,서울,https://kr.indeed.com/viewjob?jk=f5c01b19321fc57d
[기술 공채] 데이터 사이언스 및 엔지니어링,NHN] [기술 경력공채,성남 판교역,https://kr.indeed.com/viewjob?jk=5ffec23a04cd7389
S/W개발자 (RPA경험자 우대),테이크솔루션,서울 성동구,https://kr.indeed.com/viewjob?jk=74f8e3797b21c046
Python Backend Software Engineer,하이퍼커넥트,서울,https://kr.indeed.com/viewjob?jk=50658c145dd586bc
[전문연구요원] 상시,네이버,서울,https://kr.indeed.com/viewjob?jk=b79c2ae536063b01
mmWave HW Design Engineer,Apple,서울,https://kr.indeed.com/viewjob?jk=abfc94fd3a20ea51
데이터분석가(팀장급),리디,서울,https://kr.indeed.com/viewjob?jk=cbe0597a3d8626aa
데이터 분석가(팀원급),리디,서울,https://kr.indeed.com/viewjob?jk=8d5037b0b9d2f4b4
[Search] [Vision] Computer Vision Engineer 체험형 인턴,네이버,서울,https://kr.indeed.com/viewjob?jk=a41d35173ffe4666
Technical Solutions Engineer,MightyHive,서울,https://kr.indeed.com/viewjob?jk=2d83dcf8baac736b
[Clova] Clova AI 인재,네이버,서울,https://kr.indeed.com/viewjob?jk=92bd400e3b5306ba
"Cybersecurity Policy Specialist, Mid",Booz Allen Hamilton,경기도 평택,https://kr.indeed.com/viewjob?jk=45773a15dc174fee
Technical Consultant Intern,Amazon Web Services Korea LLC,서울,https://kr.indeed.com/viewjob?jk=7c10dc52b2252e38
파이썬(Python) 로보 콘텐츠 개발자,주)씽크풀,서울 영등포구,https://kr.indeed.com/viewjob?jk=01cdcb195429b7cf
Machine Learning Researcher – Audio and Speech,Qualcomm,서울,https://kr.indeed.com/viewjob?jk=2709ae011d0109c5
BIGDATA ENGINEER,한국씨티은행,서울 영등포구,https://kr.indeed.com/viewjob?jk=7a21bbf2831e697c
PMIC S/W APPS Engineering – Senior to Staff,Qualcomm,서울,https://kr.indeed.com/viewjob?jk=01cdfff2d55c2fa5
[피파온라인4] 테크니컬 아티스트,Electronic Arts,서울,https://kr.indeed.com/viewjob?jk=0bce5c7e8c1e521d
분석지원팀 - 데이터 분석가,Nexon,성남 분당구,https://kr.indeed.com/viewjob?jk=4233609a843b5e96
Analytical Reporting Developer,SAP,서울,https://kr.indeed.com/viewjob?jk=ea4d3e6e8c3fcd02
Bigdata Engineer,CITI,서울,https://kr.indeed.com/viewjob?jk=edcab5d26dbb740b
"NAVER, LINE 서비스 플랫폼 운영",엔아이티서비스,성남 분당구,https://kr.indeed.com/viewjob?jk=58937c7087577743
[Autonomous Driving] Virtual Environment Simulation Engineer,네이버,서울,https://kr.indeed.com/viewjob?jk=5ed0334bca0963cb
[인재풀] 아티스트,Electronic Arts,서울,https://kr.indeed.com/viewjob?jk=aac8e9355cb855ac
[기술 공채] 검색개발,NHN] [기술 경력공채,성남 판교역,https://kr.indeed.com/viewjob?jk=2c1df0efad166295
Support Engineer _ Azure PaaS,Microsoft,서울,https://kr.indeed.com/viewjob?jk=01bc879744c28f9c
Staff AE,Synopsys,서울,https://kr.indeed.com/viewjob?jk=c388192aa3ac0634
Field Application Productivity Competence Engineer_Pyeongtaek,ASML,경기도 평택,https://kr.indeed.com/viewjob?jk=b4bff26ba52f4e68
Applications Engineer (Library Characterization),Synopsys,서울,https://kr.indeed.com/viewjob?jk=8c8700db243d1a3c
"영상처리 (Unity, S/W, Logic) 개발자",엠앤앤에이치,서울 성동구,https://kr.indeed.com/viewjob?jk=eddebb8055e71f8e
"R&D Engineer, Sr I",Synopsys,서울,https://kr.indeed.com/viewjob?jk=432b169b273d9964
Data Scientist,레이니스트,서울,https://kr.indeed.com/viewjob?jk=c4146edac244e5a5
Data Scientist (LINE TIMELINE),LINE Plus corporation,성남 서현역,https://kr.indeed.com/viewjob?jk=747e809417b65ce3
데이터 분석가,카카오,성남 판교역,https://kr.indeed.com/viewjob?jk=092d062a6faa7139
Data Scientist,Boston Consulting Group,서울,https://kr.indeed.com/viewjob?jk=ce6747e77c861c46
데이터사이언스,현대모비스,서울 강남구,https://kr.indeed.com/viewjob?jk=b2dcde80ceb3c957
2020 Market Data Analyst - Seoul (Korean Speaker),Bloomberg,서울,https://kr.indeed.com/viewjob?jk=b3dc36f873b9e4e3
데이터 분석가 (Business Intelligence Analyst),코스닥 상장 중견 게임기업,서울 강남구,https://kr.indeed.com/viewjob?jk=c1037225077ca4da
2020년도 각 부문별 경력사원,에이에스엠엘코리아,경기도 평택,https://kr.indeed.com/viewjob?jk=1567c595a4a03300
Machine Learning Research - Speech Recognition,Qualcomm,서울,https://kr.indeed.com/viewjob?jk=19b7736d5aa3f7e5
Datacenter Engineer,Oracle,서울,https://kr.indeed.com/viewjob?jk=093f47c6ce49b7a8
데이터 전문가 경력,LG CNS,서울,https://kr.indeed.com/viewjob?jk=58cc6ed62bc6c250
[홈쇼핑모아] 핵심기능 개발팀 / 백엔드 엔지니어,버즈니,서울,https://kr.indeed.com/viewjob?jk=513eac573df04da8
Support Engineer,Microsoft,서울,https://kr.indeed.com/viewjob?jk=0bbf23c0930be392
[Search] Global API 서빙 플랫폼 개발,네이버,서울,https://kr.indeed.com/viewjob?jk=6644e94fb52e7c0b
[Talent Pool] Full-Stack Developer,Calm Island,서울,https://kr.indeed.com/viewjob?jk=9e820d9166d806d1
Developer / Designer recruit,마이뮤직테이스트,서울 논현동,https://kr.indeed.com/viewjob?jk=55a19c92c845685e
(개인마케팅부)데이터분석전문직무직원,KB국민은행,서울 여의도,https://kr.indeed.com/viewjob?jk=79f80f0f02838328
AI/빅데이터/클라우드 분야 (인재 Pool),LG유플러스,서울,https://kr.indeed.com/viewjob?jk=fb617eeb80ea6fa9
[홈쇼핑모아] 검색 개발팀 / 백엔드 엔지니어,버즈니,서울,https://kr.indeed.com/viewjob?jk=0f7280d26837bc74
Information Management Office Cybersecurity Engineer,Booz Allen Hamilton,서울,https://kr.indeed.com/viewjob?jk=4c3776c4cce63109
[기술 공채] 보안,NHN] [기술 경력공채,성남 판교역,https://kr.indeed.com/viewjob?jk=6c6dff0556281b12
Support Engineer _ Devices & IoT,Microsoft,서울,https://kr.indeed.com/viewjob?jk=7af1798e214d4067
'20년 AMOREPACIFIC 경력채용_플랫폼 Back-end 개발,아모레퍼시픽,서울,https://kr.indeed.com/viewjob?jk=f5c01b19321fc57d
[기술 공채] 데이터 사이언스 및 엔지니어링,NHN] [기술 경력공채,성남 판교역,https://kr.indeed.com/viewjob?jk=5ffec23a04cd7389
S/W개발자 (RPA경험자 우대),테이크솔루션,서울 성동구,https://kr.indeed.com/viewjob?jk=74f8e3797b21c046
Python Backend Software Engineer,하이퍼커넥트,서울,https://kr.indeed.com/viewjob?jk=50658c145dd586bc
[전문연구요원] 상시,네이버,서울,https://kr.indeed.com/viewjob?jk=b79c2ae536063b01
mmWave HW Design Engineer,Apple,서울,https://kr.indeed.com/viewjob?jk=abfc94fd3a20ea51
데이터분석가(팀장급),리디,서울,https://kr.indeed.com/viewjob?jk=cbe0597a3d8626aa
데이터 분석가(팀원급),리디,서울,https://kr.indeed.com/viewjob?jk=8d5037b0b9d2f4b4
[Search] [Vision] Computer Vision Engineer 체험형 인턴,네이버,서울,https://kr.indeed.com/viewjob?jk=a41d35173ffe4666
Technical Solutions Engineer,MightyHive,서울,https://kr.indeed.com/viewjob?jk=2d83dcf8baac736b
[Clova] Clova AI 인재,네이버,서울,https://kr.indeed.com/viewjob?jk=92bd400e3b5306ba
"Cybersecurity Policy Specialist, Mid",Booz Allen Hamilton,경기도 평택,https://kr.indeed.com/viewjob?jk=45773a15dc174fee
Technical Consultant Intern,Amazon Web Services Korea LLC,서울,https://kr.indeed.com/viewjob?jk=7c10dc52b2252e38
파이썬(Python) 로보 콘텐츠 개발자,주)씽크풀,서울 영등포구,https://kr.indeed.com/viewjob?jk=01cdcb195429b7cf
Machine Learning Researcher – Audio and Speech,Qualcomm,서울,https://kr.indeed.com/viewjob?jk=2709ae011d0109c5
BIGDATA ENGINEER,한국씨티은행,서울 영등포구,https://kr.indeed.com/viewjob?jk=7a21bbf2831e697c
PMIC S/W APPS Engineering – Senior to Staff,Qualcomm,서울,https://kr.indeed.com/viewjob?jk=01cdfff2d55c2fa5
[피파온라인4] 테크니컬 아티스트,Electronic Arts,서울,https://kr.indeed.com/viewjob?jk=0bce5c7e8c1e521d
분석지원팀 - 데이터 분석가,Nexon,성남 분당구,https://kr.indeed.com/viewjob?jk=4233609a843b5e96
Analytical Reporting Developer,SAP,서울,https://kr.indeed.com/viewjob?jk=ea4d3e6e8c3fcd02
Bigdata Engineer,CITI,서울,https://kr.indeed.com/viewjob?jk=edcab5d26dbb740b
"NAVER, LINE 서비스 플랫폼 운영",엔아이티서비스,성남 분당구,https://kr.indeed.com/viewjob?jk=58937c7087577743
[Autonomous Driving] Virtual Environment Simulation Engineer,네이버,서울,https://kr.indeed.com/viewjob?jk=5ed0334bca0963cb
[인재풀] 아티스트,Electronic Arts,서울,https://kr.indeed.com/viewjob?jk=aac8e9355cb855ac
[기술 공채] 검색개발,NHN] [기술 경력공채,성남 판교역,https://kr.indeed.com/viewjob?jk=2c1df0efad166295
Support Engineer _ Azure PaaS,Microsoft,서울,https://kr.indeed.com/viewjob?jk=01bc879744c28f9c
Staff AE,Synopsys,서울,https://kr.indeed.com/viewjob?jk=c388192aa3ac0634
Field Application Productivity Competence Engineer_Pyeongtaek,ASML,경기도 평택,https://kr.indeed.com/viewjob?jk=b4bff26ba52f4e68
Applications Engineer (Library Characterization),Synopsys,서울,https://kr.indeed.com/viewjob?jk=8c8700db243d1a3c
"영상처리 (Unity, S/W, Logic) 개발자",엠앤앤에이치,서울 성동구,https://kr.indeed.com/viewjob?jk=eddebb8055e71f8e
"R&D Engineer, Sr I",Synopsys,서울,https://kr.indeed.com/viewjob?jk=432b169b273d9964
Data Scientist,레이니스트,서울,https://kr.indeed.com/viewjob?jk=c4146edac244e5a5
Data Scientist (LINE TIMELINE),LINE Plus corporation,성남 서현역,https://kr.indeed.com/viewjob?jk=747e809417b65ce3
데이터 분석가,카카오,성남 판교역,https://kr.indeed.com/viewjob?jk=092d062a6faa7139
Data Scientist,Boston Consulting Group,서울,https://kr.indeed.com/viewjob?jk=ce6747e77c861c46
데이터사이언스,현대모비스,서울 강남구,https://kr.indeed.com/viewjob?jk=b2dcde80ceb3c957
2020 Market Data Analyst - Seoul (Korean Speaker),Bloomberg,서울,https://kr.indeed.com/viewjob?jk=b3dc36f873b9e4e3
2020년도 각 부문별 경력사원,에이에스엠엘코리아,경기도 평택,https://kr.indeed.com/viewjob?jk=1567c595a4a03300
Machine Learning Research - Speech Recognition,Qualcomm,서울,https://kr.indeed.com/viewjob?jk=19b7736d5aa3f7e5
Datacenter Engineer,Oracle,서울,https://kr.indeed.com/viewjob?jk=093f47c6ce49b7a8
데이터 전문가 경력,LG CNS,서울,https://kr.indeed.com/viewjob?jk=58cc6ed62bc6c250
[홈쇼핑모아] 핵심기능 개발팀 / 백엔드 엔지니어,버즈니,서울,https://kr.indeed.com/viewjob?jk=513eac573df04da8
Support Engineer,Microsoft,서울,https://kr.indeed.com/viewjob?jk=0bbf23c0930be392
[Search] Global API 서빙 플랫폼 개발,네이버,서울,https://kr.indeed.com/viewjob?jk=6644e94fb52e7c0b
[Talent Pool] Full-Stack Developer,Calm Island,서울,https://kr.indeed.com/viewjob?jk=9e820d9166d806d1
Developer / Designer recruit,마이뮤직테이스트,서울 논현동,https://kr.indeed.com/viewjob?jk=55a19c92c845685e
(개인마케팅부)데이터분석전문직무직원,KB국민은행,서울 여의도,https://kr.indeed.com/viewjob?jk=79f80f0f02838328
AI/빅데이터/클라우드 분야 (인재 Pool),LG유플러스,서울,https://kr.indeed.com/viewjob?jk=fb617eeb80ea6fa9
[홈쇼핑모아] 검색 개발팀 / 백엔드 엔지니어,버즈니,서울,https://kr.indeed.com/viewjob?jk=0f7280d26837bc74
데이터 분석가 (Business Intelligence Analyst),코스닥 상장 중견 게임기업,서울 강남구,https://kr.indeed.com/viewjob?jk=c1037225077ca4da
데이터사이언스,현대모비스,서울 강남구,https://kr.indeed.com/viewjob?jk=b2dcde80ceb3c957
2020 Market Data Analyst - Seoul (Korean Speaker),Bloomberg,서울,https://kr.indeed.com/viewjob?jk=b3dc36f873b9e4e3
데이터 분석가 (Business Intelligence Analyst),코스닥 상장 중견 게임기업,서울 강남구,https://kr.indeed.com/viewjob?jk=c1037225077ca4da
2020년도 각 부문별 경력사원,에이에스엠엘코리아,경기도 평택,https://kr.indeed.com/viewjob?jk=1567c595a4a03300
Machine Learning Research - Speech Recognition,Qualcomm,서울,https://kr.indeed.com/viewjob?jk=19b7736d5aa3f7e5
Support Engineer,Microsoft,서울,https://kr.indeed.com/viewjob?jk=0bbf23c0930be392
Datacenter Engineer,Oracle,서울,https://kr.indeed.com/viewjob?jk=093f47c6ce49b7a8
[홈쇼핑모아] 핵심기능 개발팀 / 백엔드 엔지니어,버즈니,서울,https://kr.indeed.com/viewjob?jk=513eac573df04da8
데이터 전문가 경력,LG CNS,서울,https://kr.indeed.com/viewjob?jk=58cc6ed62bc6c250
Developer / Designer recruit,마이뮤직테이스트,서울 논현동,https://kr.indeed.com/viewjob?jk=55a19c92c845685e
[Search] Global API 서빙 플랫폼 개발,네이버,서울,https://kr.indeed.com/viewjob?jk=6644e94fb52e7c0b
'20년 AMOREPACIFIC 경력채용_플랫폼 Back-end 개발,아모레퍼시픽,서울,https://kr.indeed.com/viewjob?jk=f5c01b19321fc57d
S/W개발자 (RPA경험자 우대),테이크솔루션,서울 성동구,https://kr.indeed.com/viewjob?jk=74f8e3797b21c046
[Talent Pool] Full-Stack Developer,Calm Island,서울,https://kr.indeed.com/viewjob?jk=9e820d9166d806d1
Information Management Office Cybersecurity Engineer,Booz Allen Hamilton,서울,https://kr.indeed.com/viewjob?jk=4c3776c4cce63109
(개인마케팅부)데이터분석전문직무직원,KB국민은행,서울 여의도,https://kr.indeed.com/viewjob?jk=79f80f0f02838328
Technical Consultant Intern,Amazon Web Services Korea LLC,서울,https://kr.indeed.com/viewjob?jk=7c10dc52b2252e38
[기술 공채] 보안,NHN] [기술 경력공채,성남 판교역,https://kr.indeed.com/viewjob?jk=6c6dff0556281b12
AI/빅데이터/클라우드 분야 (인재 Pool),LG유플러스,서울,https://kr.indeed.com/viewjob?jk=fb617eeb80ea6fa9
[홈쇼핑모아] 검색 개발팀 / 백엔드 엔지니어,버즈니,서울,https://kr.indeed.com/viewjob?jk=0f7280d26837bc74
Support Engineer _ Devices & IoT,Microsoft,서울,https://kr.indeed.com/viewjob?jk=7af1798e214d4067
[전문연구요원] 상시,네이버,서울,https://kr.indeed.com/viewjob?jk=b79c2ae536063b01
[기술 공채] 데이터 사이언스 및 엔지니어링,NHN] [기술 경력공채,성남 판교역,https://kr.indeed.com/viewjob?jk=5ffec23a04cd7389
"Cybersecurity Policy Specialist, Mid",Booz Allen Hamilton,경기도 평택,https://kr.indeed.com/viewjob?jk=45773a15dc174fee
데이터분석가(팀장급),리디,서울,https://kr.indeed.com/viewjob?jk=cbe0597a3d8626aa
데이터 분석가(팀원급),리디,서울,https://kr.indeed.com/viewjob?jk=8d5037b0b9d2f4b4
파이썬(Python) 로보 콘텐츠 개발자,주)씽크풀,서울 영등포구,https://kr.indeed.com/viewjob?jk=01cdcb195429b7cf
[Clova] Clova AI 인재,네이버,서울,https://kr.indeed.com/viewjob?jk=92bd400e3b5306ba
Staff AE,Synopsys,서울,https://kr.indeed.com/viewjob?jk=c388192aa3ac0634
Python Backend Software Engineer,하이퍼커넥트,서울,https://kr.indeed.com/viewjob?jk=50658c145dd586bc
[Autonomous Driving] Virtual Environment Simulation Engineer,네이버,서울,https://kr.indeed.com/viewjob?jk=5ed0334bca0963cb
[피파온라인4] 테크니컬 아티스트,Electronic Arts,서울,https://kr.indeed.com/viewjob?jk=0bce5c7e8c1e521d
"NAVER, LINE 서비스 플랫폼 운영",엔아이티서비스,성남 분당구,https://kr.indeed.com/viewjob?jk=58937c7087577743
Technical Solutions Engineer,MightyHive,서울,https://kr.indeed.com/viewjob?jk=2d83dcf8baac736b
[Search] [Vision] Computer Vision Engineer 체험형 인턴,네이버,서울,https://kr.indeed.com/viewjob?jk=a41d35173ffe4666
"영상처리 (Unity, S/W, Logic) 개발자",엠앤앤에이치,서울 성동구,https://kr.indeed.com/viewjob?jk=eddebb8055e71f8e
분석지원팀 - 데이터 분석가,Nexon,성남 분당구,https://kr.indeed.com/viewjob?jk=4233609a843b5e96
Analytical Reporting Developer,SAP,서울,https://kr.indeed.com/viewjob?jk=ea4d3e6e8c3fcd02
BIGDATA ENGINEER,한국씨티은행,서울 영등포구,https://kr.indeed.com/viewjob?jk=7a21bbf2831e697c
[기술 공채] 검색개발,NHN] [기술 경력공채,성남 판교역,https://kr.indeed.com/viewjob?jk=2c1df0efad166295
Bigdata Engineer,CITI,서울,https://kr.indeed.com/viewjob?jk=edcab5d26dbb740b
mmWave HW Design Engineer,Apple,서울,https://kr.indeed.com/viewjob?jk=abfc94fd3a20ea51
디지털 전략 전문가 양성과정 교육/참여자,휴넷,서울 구로구,https://kr.indeed.com/viewjob?jk=69c4af8713e64d0d
[인재풀] 아티스트,Electronic Arts,서울,https://kr.indeed.com/viewjob?jk=aac8e9355cb855ac
"R&D 개발자 영입 (측위 엔지니어, 퍼셉션(인지) 엔지니어)",카카오모빌리티,성남 분당구,https://kr.indeed.com/viewjob?jk=7306ae8064c6b202
PMIC S/W APPS Engineering – Senior to Staff,Qualcomm,서울,https://kr.indeed.com/viewjob?jk=01cdfff2d55c2fa5
데이터 분석가,카카오,성남 판교역,https://kr.indeed.com/viewjob?jk=092d062a6faa7139
Machine Learning Researcher – Audio and Speech,Qualcomm,서울,https://kr.indeed.com/viewjob?jk=2709ae011d0109c5
Data Scientist (LINE TIMELINE),LINE Plus corporation,성남 서현역,https://kr.indeed.com/viewjob?jk=747e809417b65ce3
Field Application Productivity Competence Engineer_Pyeongtaek,ASML,경기도 평택,https://kr.indeed.com/viewjob?jk=b4bff26ba52f4e68
광고팀 - 분석가,Nexon,성남 분당구,https://kr.indeed.com/viewjob?jk=3a08c7089343733d
Applications Engineer (Library Characterization),Synopsys,서울,https://kr.indeed.com/viewjob?jk=8c8700db243d1a3c
[코인빗] 암호화폐거래소 개발팀 Python Django,엑시아,서울 강남구,https://kr.indeed.com/viewjob?jk=38d755ab62b3dc31
데이터사이언스,현대모비스,서울 강남구,https://kr.indeed.com/viewjob?jk=b2dcde80ceb3c957
2020 Market Data Analyst - Seoul (Korean Speaker),Bloomberg,서울,https://kr.indeed.com/viewjob?jk=b3dc36f873b9e4e3
데이터 분석가 (Business Intelligence Analyst),코스닥 상장 중견 게임기업,서울 강남구,https://kr.indeed.com/viewjob?jk=c1037225077ca4da
2020년도 각 부문별 경력사원,에이에스엠엘코리아,경기도 평택,https://kr.indeed.com/viewjob?jk=1567c595a4a03300
Machine Learning Research - Speech Recognition,Qualcomm,서울,https://kr.indeed.com/viewjob?jk=19b7736d5aa3f7e5
Support Engineer,Microsoft,서울,https://kr.indeed.com/viewjob?jk=0bbf23c0930be392
Datacenter Engineer,Oracle,서울,https://kr.indeed.com/viewjob?jk=093f47c6ce49b7a8
[홈쇼핑모아] 핵심기능 개발팀 / 백엔드 엔지니어,버즈니,서울,https://kr.indeed.com/viewjob?jk=513eac573df04da8
데이터 전문가 경력,LG CNS,서울,https://kr.indeed.com/viewjob?jk=58cc6ed62bc6c250
Developer / Designer recruit,마이뮤직테이스트,서울 논현동,https://kr.indeed.com/viewjob?jk=55a19c92c845685e
[Search] Global API 서빙 플랫폼 개발,네이버,서울,https://kr.indeed.com/viewjob?jk=6644e94fb52e7c0b
'20년 AMOREPACIFIC 경력채용_플랫폼 Back-end 개발,아모레퍼시픽,서울,https://kr.indeed.com/viewjob?jk=f5c01b19321fc57d
S/W개발자 (RPA경험자 우대),테이크솔루션,서울 성동구,https://kr.indeed.com/viewjob?jk=74f8e3797b21c046
[Talent Pool] Full-Stack Developer,Calm Island,서울,https://kr.indeed.com/viewjob?jk=9e820d9166d806d1
Information Management Office Cybersecurity Engineer,Booz Allen Hamilton,서울,https://kr.indeed.com/viewjob?jk=4c3776c4cce63109
(개인마케팅부)데이터분석전문직무직원,KB국민은행,서울 여의도,https://kr.indeed.com/viewjob?jk=79f80f0f02838328
Technical Consultant Intern,Amazon Web Services Korea LLC,서울,https://kr.indeed.com/viewjob?jk=7c10dc52b2252e38
[기술 공채] 보안,NHN] [기술 경력공채,성남 판교역,https://kr.indeed.com/viewjob?jk=6c6dff0556281b12
AI/빅데이터/클라우드 분야 (인재 Pool),LG유플러스,서울,https://kr.indeed.com/viewjob?jk=fb617eeb80ea6fa9
[홈쇼핑모아] 검색 개발팀 / 백엔드 엔지니어,버즈니,서울,https://kr.indeed.com/viewjob?jk=0f7280d26837bc74
Support Engineer _ Devices & IoT,Microsoft,서울,https://kr.indeed.com/viewjob?jk=7af1798e214d4067
[전문연구요원] 상시,네이버,서울,https://kr.indeed.com/viewjob?jk=b79c2ae536063b01
[기술 공채] 데이터 사이언스 및 엔지니어링,NHN] [기술 경력공채,성남 판교역,https://kr.indeed.com/viewjob?jk=5ffec23a04cd7389
"Cybersecurity Policy Specialist, Mid",Booz Allen Hamilton,경기도 평택,https://kr.indeed.com/viewjob?jk=45773a15dc174fee
데이터분석가(팀장급),리디,서울,https://kr.indeed.com/viewjob?jk=cbe0597a3d8626aa
데이터 분석가(팀원급),리디,서울,https://kr.indeed.com/viewjob?jk=8d5037b0b9d2f4b4
파이썬(Python) 로보 콘텐츠 개발자,주)씽크풀,서울 영등포구,https://kr.indeed.com/viewjob?jk=01cdcb195429b7cf
[Clova] Clova AI 인재,네이버,서울,https://kr.indeed.com/viewjob?jk=92bd400e3b5306ba
Staff AE,Synopsys,서울,https://kr.indeed.com/viewjob?jk=c388192aa3ac0634
Python Backend Software Engineer,하이퍼커넥트,서울,https://kr.indeed.com/viewjob?jk=50658c145dd586bc
[Autonomous Driving] Virtual Environment Simulation Engineer,네이버,서울,https://kr.indeed.com/viewjob?jk=5ed0334bca0963cb
[피파온라인4] 테크니컬 아티스트,Electronic Arts,서울,https://kr.indeed.com/viewjob?jk=0bce5c7e8c1e521d
"NAVER, LINE 서비스 플랫폼 운영",엔아이티서비스,성남 분당구,https://kr.indeed.com/viewjob?jk=58937c7087577743
Technical Solutions Engineer,MightyHive,서울,https://kr.indeed.com/viewjob?jk=2d83dcf8baac736b
[Search] [Vision] Computer Vision Engineer 체험형 인턴,네이버,서울,https://kr.indeed.com/viewjob?jk=a41d35173ffe4666
"영상처리 (Unity, S/W, Logic) 개발자",엠앤앤에이치,서울 성동구,https://kr.indeed.com/viewjob?jk=eddebb8055e71f8e
분석지원팀 - 데이터 분석가,Nexon,성남 분당구,https://kr.indeed.com/viewjob?jk=4233609a843b5e96
Analytical Reporting Developer,SAP,서울,https://kr.indeed.com/viewjob?jk=ea4d3e6e8c3fcd02
BIGDATA ENGINEER,한국씨티은행,서울 영등포구,https://kr.indeed.com/viewjob?jk=7a21bbf2831e697c
[기술 공채] 검색개발,NHN] [기술 경력공채,성남 판교역,https://kr.indeed.com/viewjob?jk=2c1df0efad166295
Bigdata Engineer,CITI,서울,https://kr.indeed.com/viewjob?jk=edcab5d26dbb740b
mmWave HW Design Engineer,Apple,서울,https://kr.indeed.com/viewjob?jk=abfc94fd3a20ea51
디지털 전략 전문가 양성과정 교육/참여자,휴넷,서울 구로구,https://kr.indeed.com/viewjob?jk=69c4af8713e64d0d
[인재풀] 아티스트,Electronic Arts,서울,https://kr.indeed.com/viewjob?jk=aac8e9355cb855ac
"R&D 개발자 영입 (측위 엔지니어, 퍼셉션(인지) 엔지니어)",카카오모빌리티,성남 분당구,https://kr.indeed.com/viewjob?jk=7306ae8064c6b202
PMIC S/W APPS Engineering – Senior to Staff,Qualcomm,서울,https://kr.indeed.com/viewjob?jk=01cdfff2d55c2fa5
데이터 분석가,카카오,성남 판교역,https://kr.indeed.com/viewjob?jk=092d062a6faa7139
Machine Learning Researcher – Audio and Speech,Qualcomm,서울,https://kr.indeed.com/viewjob?jk=2709ae011d0109c5
Data Scientist (LINE TIMELINE),LINE Plus corporation,성남 서현역,https://kr.indeed.com/viewjob?jk=747e809417b65ce3
Field Application Productivity Competence Engineer_Pyeongtaek,ASML,경기도 평택,https://kr.indeed.com/viewjob?jk=b4bff26ba52f4e68
광고팀 - 분석가,Nexon,성남 분당구,https://kr.indeed.com/viewjob?jk=3a08c7089343733d
Applications Engineer (Library Characterization),Synopsys,서울,https://kr.indeed.com/viewjob?jk=8c8700db243d1a3c
[코인빗] 암호화폐거래소 개발팀 Python Django,엑시아,서울 강남구,https://kr.indeed.com/viewjob?jk=38d755ab62b3dc31
데이터사이언스,현대모비스,서울 강남구,https://kr.indeed.com/viewjob?jk=b2dcde80ceb3c957
2020 Market Data Analyst - Seoul (Korean Speaker),Bloomberg,서울,https://kr.indeed.com/viewjob?jk=b3dc36f873b9e4e3
데이터 분석가 (Business Intelligence Analyst),코스닥 상장 중견 게임기업,서울 강남구,https://kr.indeed.com/viewjob?jk=c1037225077ca4da
2020년도 각 부문별 경력사원,에이에스엠엘코리아,경기도 평택,https://kr.indeed.com/viewjob?jk=1567c595a4a03300
Machine Learning Research - Speech Recognition,Qualcomm,서울,https://kr.indeed.com/viewjob?jk=19b7736d5aa3f7e5
Datacenter Engineer,Oracle,서울,https://kr.indeed.com/viewjob?jk=093f47c6ce49b7a8
데이터 전문가 경력,LG CNS,서울,https://kr.indeed.com/viewjob?jk=58cc6ed62bc6c250
[홈쇼핑모아] 핵심기능 개발팀 / 백엔드 엔지니어,버즈니,서울,https://kr.indeed.com/viewjob?jk=513eac573df04da8
Support Engineer,Microsoft,서울,https://kr.indeed.com/viewjob?jk=0bbf23c0930be392
[Search] Global API 서빙 플랫폼 개발,네이버,서울,https://kr.indeed.com/viewjob?jk=6644e94fb52e7c0b
[Talent Pool] Full-Stack Developer,Calm Island,서울,https://kr.indeed.com/viewjob?jk=9e820d9166d806d1
Developer / Designer recruit,마이뮤직테이스트,서울 논현동,https://kr.indeed.com/viewjob?jk=55a19c92c845685e
(개인마케팅부)데이터분석전문직무직원,KB국민은행,서울 여의도,https://kr.indeed.com/viewjob?jk=79f80f0f02838328
AI/빅데이터/클라우드 분야 (인재 Pool),LG유플러스,서울,https://kr.indeed.com/viewjob?jk=fb617eeb80ea6fa9
[홈쇼핑모아] 검색 개발팀 / 백엔드 엔지니어,버즈니,서울,https://kr.indeed.com/viewjob?jk=0f7280d26837bc74
Information Management Office Cybersecurity Engineer,Booz Allen Hamilton,서울,https://kr.indeed.com/viewjob?jk=4c3776c4cce63109
[기술 공채] 보안,NHN] [기술 경력공채,성남 판교역,https://kr.indeed.com/viewjob?jk=6c6dff0556281b12
Support Engineer _ Devices & IoT,Microsoft,서울,https://kr.indeed.com/viewjob?jk=7af1798e214d4067
'20년 AMOREPACIFIC 경력채용_플랫폼 Back-end 개발,아모레퍼시픽,서울,https://kr.indeed.com/viewjob?jk=f5c01b19321fc57d
[기술 공채] 데이터 사이언스 및 엔지니어링,NHN] [기술 경력공채,성남 판교역,https://kr.indeed.com/viewjob?jk=5ffec23a04cd7389
S/W개발자 (RPA경험자 우대),테이크솔루션,서울 성동구,https://kr.indeed.com/viewjob?jk=74f8e3797b21c046
Python Backend Software Engineer,하이퍼커넥트,서울,https://kr.indeed.com/viewjob?jk=50658c145dd586bc
[전문연구요원] 상시,네이버,서울,https://kr.indeed.com/viewjob?jk=b79c2ae536063b01
mmWave HW Design Engineer,Apple,서울,https://kr.indeed.com/viewjob?jk=abfc94fd3a20ea51
데이터분석가(팀장급),리디,서울,https://kr.indeed.com/viewjob?jk=cbe0597a3d8626aa
데이터 분석가(팀원급),리디,서울,https://kr.indeed.com/viewjob?jk=8d5037b0b9d2f4b4
[Search] [Vision] Computer Vision Engineer 체험형 인턴,네이버,서울,https://kr.indeed.com/viewjob?jk=a41d35173ffe4666
Technical Solutions Engineer,MightyHive,서울,https://kr.indeed.com/viewjob?jk=2d83dcf8baac736b
[Clova] Clova AI 인재,네이버,서울,https://kr.indeed.com/viewjob?jk=92bd400e3b5306ba
"Cybersecurity Policy Specialist, Mid",Booz Allen Hamilton,경기도 평택,https://kr.indeed.com/viewjob?jk=45773a15dc174fee
Technical Consultant Intern,Amazon Web Services Korea LLC,서울,https://kr.indeed.com/viewjob?jk=7c10dc52b2252e38
파이썬(Python) 로보 콘텐츠 개발자,주)씽크풀,서울 영등포구,https://kr.indeed.com/viewjob?jk=01cdcb195429b7cf
Machine Learning Researcher – Audio and Speech,Qualcomm,서울,https://kr.indeed.com/viewjob?jk=2709ae011d0109c5
BIGDATA ENGINEER,한국씨티은행,서울 영등포구,https://kr.indeed.com/viewjob?jk=7a21bbf2831e697c
PMIC S/W APPS Engineering – Senior to Staff,Qualcomm,서울,https://kr.indeed.com/viewjob?jk=01cdfff2d55c2fa5
[피파온라인4] 테크니컬 아티스트,Electronic Arts,서울,https://kr.indeed.com/viewjob?jk=0bce5c7e8c1e521d
분석지원팀 - 데이터 분석가,Nexon,성남 분당구,https://kr.indeed.com/viewjob?jk=4233609a843b5e96
Analytical Reporting Developer,SAP,서울,https://kr.indeed.com/viewjob?jk=ea4d3e6e8c3fcd02
Bigdata Engineer,CITI,서울,https://kr.indeed.com/viewjob?jk=edcab5d26dbb740b
"NAVER, LINE 서비스 플랫폼 운영",엔아이티서비스,성남 분당구,https://kr.indeed.com/viewjob?jk=58937c7087577743
[Autonomous Driving] Virtual Environment Simulation Engineer,네이버,서울,https://kr.indeed.com/viewjob?jk=5ed0334bca0963cb
[인재풀] 아티스트,Electronic Arts,서울,https://kr.indeed.com/viewjob?jk=aac8e9355cb855ac
[기술 공채] 검색개발,NHN] [기술 경력공채,성남 판교역,https://kr.indeed.com/viewjob?jk=2c1df0efad166295
Support Engineer _ Azure PaaS,Microsoft,서울,https://kr.indeed.com/viewjob?jk=01bc879744c28f9c
Staff AE,Synopsys,서울,https://kr.indeed.com/viewjob?jk=c388192aa3ac0634
Field Application Productivity Competence Engineer_Pyeongtaek,ASML,경기도 평택,https://kr.indeed.com/viewjob?jk=b4bff26ba52f4e68
Applications Engineer (Library Characterization),Synopsys,서울,https://kr.indeed.com/viewjob?jk=8c8700db243d1a3c
"영상처리 (Unity, S/W, Logic) 개발자",엠앤앤에이치,서울 성동구,https://kr.indeed.com/viewjob?jk=eddebb8055e71f8e
"R&D Engineer, Sr I",Synopsys,서울,https://kr.indeed.com/viewjob?jk=432b169b273d9964
Data Scientist,레이니스트,서울,https://kr.indeed.com/viewjob?jk=c4146edac244e5a5
Data Scientist (LINE TIMELINE),LINE Plus corporation,성남 서현역,https://kr.indeed.com/viewjob?jk=747e809417b65ce3
데이터 분석가,카카오,성남 판교역,https://kr.indeed.com/viewjob?jk=092d062a6faa7139
Data Scientist,Boston Consulting Group,서울,https://kr.indeed.com/viewjob?jk=ce6747e77c861c46
데이터사이언스,현대모비스,서울 강남구,https://kr.indeed.com/viewjob?jk=b2dcde80ceb3c957
2020 Market Data Analyst - Seoul (Korean Speaker),Bloomberg,서울,https://kr.indeed.com/viewjob?jk=b3dc36f873b9e4e3
데이터 분석가 (Business Intelligence Analyst),코스닥 상장 중견 게임기업,서울 강남구,https://kr.indeed.com/viewjob?jk=c1037225077ca4da
2020년도 각 부문별 경력사원,에이에스엠엘코리아,경기도 평택,https://kr.indeed.com/viewjob?jk=1567c595a4a03300
Machine Learning Research - Speech Recognition,Qualcomm,서울,https://kr.indeed.com/viewjob?jk=19b7736d5aa3f7e5
Datacenter Engineer,Oracle,서울,https://kr.indeed.com/viewjob?jk=093f47c6ce49b7a8
데이터 전문가 경력,LG CNS,서울,https://kr.indeed.com/viewjob?jk=58cc6ed62bc6c250
[홈쇼핑모아] 핵심기능 개발팀 / 백엔드 엔지니어,버즈니,서울,https://kr.indeed.com/viewjob?jk=513eac573df04da8
Support Engineer,Microsoft,서울,https://kr.indeed.com/viewjob?jk=0bbf23c0930be392
[Search] Global API 서빙 플랫폼 개발,네이버,서울,https://kr.indeed.com/viewjob?jk=6644e94fb52e7c0b
[Talent Pool] Full-Stack Developer,Calm Island,서울,https://kr.indeed.com/viewjob?jk=9e820d9166d806d1
Developer / Designer recruit,마이뮤직테이스트,서울 논현동,https://kr.indeed.com/viewjob?jk=55a19c92c845685e
(개인마케팅부)데이터분석전문직무직원,KB국민은행,서울 여의도,https://kr.indeed.com/viewjob?jk=79f80f0f02838328
AI/빅데이터/클라우드 분야 (인재 Pool),LG유플러스,서울,https://kr.indeed.com/viewjob?jk=fb617eeb80ea6fa9
[홈쇼핑모아] 검색 개발팀 / 백엔드 엔지니어,버즈니,서울,https://kr.indeed.com/viewjob?jk=0f7280d26837bc74
Information Management Office Cybersecurity Engineer,Booz Allen Hamilton,서울,https://kr.indeed.com/viewjob?jk=4c3776c4cce63109
[기술 공채] 보안,NHN] [기술 경력공채,성남 판교역,https://kr.indeed.com/viewjob?jk=6c6dff0556281b12
Support Engineer _ Devices & IoT,Microsoft,서울,https://kr.indeed.com/viewjob?jk=7af1798e214d4067
'20년 AMOREPACIFIC 경력채용_플랫폼 Back-end 개발,아모레퍼시픽,서울,https://kr.indeed.com/viewjob?jk=f5c01b19321fc57d
[기술 공채] 데이터 사이언스 및 엔지니어링,NHN] [기술 경력공채,성남 판교역,https://kr.indeed.com/viewjob?jk=5ffec23a04cd7389
S/W개발자 (RPA경험자 우대),테이크솔루션,서울 성동구,https://kr.indeed.com/viewjob?jk=74f8e3797b21c046
Python Backend Software Engineer,하이퍼커넥트,서울,https://kr.indeed.com/viewjob?jk=50658c145dd586bc
[전문연구요원] 상시,네이버,서울,https://kr.indeed.com/viewjob?jk=b79c2ae536063b01
mmWave HW Design Engineer,Apple,서울,https://kr.indeed.com/viewjob?jk=abfc94fd3a20ea51
데이터분석가(팀장급),리디,서울,https://kr.indeed.com/viewjob?jk=cbe0597a3d8626aa
데이터 분석가(팀원급),리디,서울,https://kr.indeed.com/viewjob?jk=8d5037b0b9d2f4b4
[Search] [Vision] Computer Vision Engineer 체험형 인턴,네이버,서울,https://kr.indeed.com/viewjob?jk=a41d35173ffe4666
Technical Solutions Engineer,MightyHive,서울,https://kr.indeed.com/viewjob?jk=2d83dcf8baac736b
[Clova] Clova AI 인재,네이버,서울,https://kr.indeed.com/viewjob?jk=92bd400e3b5306ba
"Cybersecurity Policy Specialist, Mid",Booz Allen Hamilton,경기도 평택,https://kr.indeed.com/viewjob?jk=45773a15dc174fee
Technical Consultant Intern,Amazon Web Services Korea LLC,서울,https://kr.indeed.com/viewjob?jk=7c10dc52b2252e38
파이썬(Python) 로보 콘텐츠 개발자,주)씽크풀,서울 영등포구,https://kr.indeed.com/viewjob?jk=01cdcb195429b7cf
Machine Learning Researcher – Audio and Speech,Qualcomm,서울,https://kr.indeed.com/viewjob?jk=2709ae011d0109c5
BIGDATA ENGINEER,한국씨티은행,서울 영등포구,https://kr.indeed.com/viewjob?jk=7a21bbf2831e697c
PMIC S/W APPS Engineering – Senior to Staff,Qualcomm,서울,https://kr.indeed.com/viewjob?jk=01cdfff2d55c2fa5
[피파온라인4] 테크니컬 아티스트,Electronic Arts,서울,https://kr.indeed.com/viewjob?jk=0bce5c7e8c1e521d
분석지원팀 - 데이터 분석가,Nexon,성남 분당구,https://kr.indeed.com/viewjob?jk=4233609a843b5e96
Analytical Reporting Developer,SAP,서울,https://kr.indeed.com/viewjob?jk=ea4d3e6e8c3fcd02
Bigdata Engineer,CITI,서울,https://kr.indeed.com/viewjob?jk=edcab5d26dbb740b
"NAVER, LINE 서비스 플랫폼 운영",엔아이티서비스,성남 분당구,https://kr.indeed.com/viewjob?jk=58937c7087577743
[Autonomous Driving] Virtual Environment Simulation Engineer,네이버,서울,https://kr.indeed.com/viewjob?jk=5ed0334bca0963cb
[인재풀] 아티스트,Electronic Arts,서울,https://kr.indeed.com/viewjob?jk=aac8e9355cb855ac
[기술 공채] 검색개발,NHN] [기술 경력공채,성남 판교역,https://kr.indeed.com/viewjob?jk=2c1df0efad166295
Support Engineer _ Azure PaaS,Microsoft,서울,https://kr.indeed.com/viewjob?jk=01bc879744c28f9c
Staff AE,Synopsys,서울,https://kr.indeed.com/viewjob?jk=c388192aa3ac0634
Field Application Productivity Competence Engineer_Pyeongtaek,ASML,경기도 평택,https://kr.indeed.com/viewjob?jk=b4bff26ba52f4e68
Applications Engineer (Library Characterization),Synopsys,서울,https://kr.indeed.com/viewjob?jk=8c8700db243d1a3c
"영상처리 (Unity, S/W, Logic) 개발자",엠앤앤에이치,서울 성동구,https://kr.indeed.com/viewjob?jk=eddebb8055e71f8e
"R&D Engineer, Sr I",Synopsys,서울,https://kr.indeed.com/viewjob?jk=432b169b273d9964
Data Scientist,레이니스트,서울,https://kr.indeed.com/viewjob?jk=c4146edac244e5a5
Data Scientist (LINE TIMELINE),LINE Plus corporation,성남 서현역,https://kr.indeed.com/viewjob?jk=747e809417b65ce3
데이터 분석가,카카오,성남 판교역,https://kr.indeed.com/viewjob?jk=092d062a6faa7139
Data Scientist,Boston Consulting Group,서울,https://kr.indeed.com/viewjob?jk=ce6747e77c861c46
데이터사이언스,현대모비스,서울 강남구,https://kr.indeed.com/viewjob?jk=b2dcde80ceb3c957
2020 Market Data Analyst - Seoul (Korean Speaker),Bloomberg,서울,https://kr.indeed.com/viewjob?jk=b3dc36f873b9e4e3
데이터 분석가 (Business Intelligence Analyst),코스닥 상장 중견 게임기업,서울 강남구,https://kr.indeed.com/viewjob?jk=c1037225077ca4da
2020년도 각 부문별 경력사원,에이에스엠엘코리아,경기도 평택,https://kr.indeed.com/viewjob?jk=1567c595a4a03300
Machine Learning Research - Speech Recognition,Qualcomm,서울,https://kr.indeed.com/viewjob?jk=19b7736d5aa3f7e5
Datacenter Engineer,Oracle,서울,https://kr.indeed.com/viewjob?jk=093f47c6ce49b7a8
데이터 전문가 경력,LG CNS,서울,https://kr.indeed.com/viewjob?jk=58cc6ed62bc6c250
[홈쇼핑모아] 핵심기능 개발팀 / 백엔드 엔지니어,버즈니,서울,https://kr.indeed.com/viewjob?jk=513eac573df04da8
Support Engineer,Microsoft,서울,https://kr.indeed.com/viewjob?jk=0bbf23c0930be392
[Search] Global API 서빙 플랫폼 개발,네이버,서울,https://kr.indeed.com/viewjob?jk=6644e94fb52e7c0b
[Talent Pool] Full-Stack Developer,Calm Island,서울,https://kr.indeed.com/viewjob?jk=9e820d9166d806d1
Developer / Designer recruit,마이뮤직테이스트,서울 논현동,https://kr.indeed.com/viewjob?jk=55a19c92c845685e
(개인마케팅부)데이터분석전문직무직원,KB국민은행,서울 여의도,https://kr.indeed.com/viewjob?jk=79f80f0f02838328
AI/빅데이터/클라우드 분야 (인재 Pool),LG유플러스,서울,https://kr.indeed.com/viewjob?jk=fb617eeb80ea6fa9
[홈쇼핑모아] 검색 개발팀 / 백엔드 엔지니어,버즈니,서울,https://kr.indeed.com/viewjob?jk=0f7280d26837bc74
Information Management Office Cybersecurity Engineer,Booz Allen Hamilton,서울,https://kr.indeed.com/viewjob?jk=4c3776c4cce63109
[기술 공채] 보안,NHN] [기술 경력공채,성남 판교역,https://kr.indeed.com/viewjob?jk=6c6dff0556281b12
Support Engineer _ Devices & IoT,Microsoft,서울,https://kr.indeed.com/viewjob?jk=7af1798e214d4067
'20년 AMOREPACIFIC 경력채용_플랫폼 Back-end 개발,아모레퍼시픽,서울,https://kr.indeed.com/viewjob?jk=f5c01b19321fc57d
[기술 공채] 데이터 사이언스 및 엔지니어링,NHN] [기술 경력공채,성남 판교역,https://kr.indeed.com/viewjob?jk=5ffec23a04cd7389
S/W개발자 (RPA경험자 우대),테이크솔루션,서울 성동구,https://kr.indeed.com/viewjob?jk=74f8e3797b21c046
Python Backend Software Engineer,하이퍼커넥트,서울,https://kr.indeed.com/viewjob?jk=50658c145dd586bc
[전문연구요원] 상시,네이버,서울,https://kr.indeed.com/viewjob?jk=b79c2ae536063b01
mmWave HW Design Engineer,Apple,서울,https://kr.indeed.com/viewjob?jk=abfc94fd3a20ea51
데이터분석가(팀장급),리디,서울,https://kr.indeed.com/viewjob?jk=cbe0597a3d8626aa
데이터 분석가(팀원급),리디,서울,https://kr.indeed.com/viewjob?jk=8d5037b0b9d2f4b4
[Search] [Vision] Computer Vision Engineer 체험형 인턴,네이버,서울,https://kr.indeed.com/viewjob?jk=a41d35173ffe4666
Technical Solutions Engineer,MightyHive,서울,https://kr.indeed.com/viewjob?jk=2d83dcf8baac736b
[Clova] Clova AI 인재,네이버,서울,https://kr.indeed.com/viewjob?jk=92bd400e3b5306ba
"Cybersecurity Policy Specialist, Mid",Booz Allen Hamilton,경기도 평택,https://kr.indeed.com/viewjob?jk=45773a15dc174fee
Technical Consultant Intern,Amazon Web Services Korea LLC,서울,https://kr.indeed.com/viewjob?jk=7c10dc52b2252e38
파이썬(Python) 로보 콘텐츠 개발자,주)씽크풀,서울 영등포구,https://kr.indeed.com/viewjob?jk=01cdcb195429b7cf
Machine Learning Researcher – Audio and Speech,Qualcomm,서울,https://kr.indeed.com/viewjob?jk=2709ae011d0109c5
BIGDATA ENGINEER,한국씨티은행,서울 영등포구,https://kr.indeed.com/viewjob?jk=7a21bbf2831e697c
PMIC S/W APPS Engineering – Senior to Staff,Qualcomm,서울,https://kr.indeed.com/viewjob?jk=01cdfff2d55c2fa5
[피파온라인4] 테크니컬 아티스트,Electronic Arts,서울,https://kr.indeed.com/viewjob?jk=0bce5c7e8c1e521d
분석지원팀 - 데이터 분석가,Nexon,성남 분당구,https://kr.indeed.com/viewjob?jk=4233609a843b5e96
Analytical Reporting Developer,SAP,서울,https://kr.indeed.com/viewjob?jk=ea4d3e6e8c3fcd02
Bigdata Engineer,CITI,서울,https://kr.indeed.com/viewjob?jk=edcab5d26dbb740b
"NAVER, LINE 서비스 플랫폼 운영",엔아이티서비스,성남 분당구,https://kr.indeed.com/viewjob?jk=58937c7087577743
[Autonomous Driving] Virtual Environment Simulation Engineer,네이버,서울,https://kr.indeed.com/viewjob?jk=5ed0334bca0963cb
[인재풀] 아티스트,Electronic Arts,서울,https://kr.indeed.com/viewjob?jk=aac8e9355cb855ac
[기술 공채] 검색개발,NHN] [기술 경력공채,성남 판교역,https://kr.indeed.com/viewjob?jk=2c1df0efad166295
Support Engineer _ Azure PaaS,Microsoft,서울,https://kr.indeed.com/viewjob?jk=01bc879744c28f9c
Staff AE,Synopsys,서울,https://kr.indeed.com/viewjob?jk=c388192aa3ac0634
Field Application Productivity Competence Engineer_Pyeongtaek,ASML,경기도 평택,https://kr.indeed.com/viewjob?jk=b4bff26ba52f4e68
Applications Engineer (Library Characterization),Synopsys,서울,https://kr.indeed.com/viewjob?jk=8c8700db243d1a3c
"영상처리 (Unity, S/W, Logic) 개발자",엠앤앤에이치,서울 성동구,https://kr.indeed.com/viewjob?jk=eddebb8055e71f8e
"R&D Engineer, Sr I",Synopsys,서울,https://kr.indeed.com/viewjob?jk=432b169b273d9964
Data Scientist,레이니스트,서울,https://kr.indeed.com/viewjob?jk=c4146edac244e5a5
Data Scientist (LINE TIMELINE),LINE Plus corporation,성남 서현역,https://kr.indeed.com/viewjob?jk=747e809417b65ce3
데이터 분석가,카카오,성남 판교역,https://kr.indeed.com/viewjob?jk=092d062a6faa7139
Data Scientist,Boston Consulting Group,서울,https://kr.indeed.com/viewjob?jk=ce6747e77c861c46
데이터사이언스,현대모비스,서울 강남구,https://kr.indeed.com/viewjob?jk=b2dcde80ceb3c957
2020 Market Data Analyst - Seoul (Korean Speaker),Bloomberg,서울,https://kr.indeed.com/viewjob?jk=b3dc36f873b9e4e3
데이터 분석가 (Business Intelligence Analyst),코스닥 상장 중견 게임기업,서울 강남구,https://kr.indeed.com/viewjob?jk=c1037225077ca4da
2020년도 각 부문별 경력사원,에이에스엠엘코리아,경기도 평택,https://kr.indeed.com/viewjob?jk=1567c595a4a03300
Machine Learning Research - Speech Recognition,Qualcomm,서울,https://kr.indeed.com/viewjob?jk=19b7736d5aa3f7e5
Datacenter Engineer,Oracle,서울,https://kr.indeed.com/viewjob?jk=093f47c6ce49b7a8
데이터 전문가 경력,LG CNS,서울,https://kr.indeed.com/viewjob?jk=58cc6ed62bc6c250
[홈쇼핑모아] 핵심기능 개발팀 / 백엔드 엔지니어,버즈니,서울,https://kr.indeed.com/viewjob?jk=513eac573df04da8
Support Engineer,Microsoft,서울,https://kr.indeed.com/viewjob?jk=0bbf23c0930be392
[Search] Global API 서빙 플랫폼 개발,네이버,서울,https://kr.indeed.com/viewjob?jk=6644e94fb52e7c0b
[Talent Pool] Full-Stack Developer,Calm Island,서울,https://kr.indeed.com/viewjob?jk=9e820d9166d806d1
Developer / Designer recruit,마이뮤직테이스트,서울 논현동,https://kr.indeed.com/viewjob?jk=55a19c92c845685e
(개인마케팅부)데이터분석전문직무직원,KB국민은행,서울 여의도,https://kr.indeed.com/viewjob?jk=79f80f0f02838328
AI/빅데이터/클라우드 분야 (인재 Pool),LG유플러스,서울,https://kr.indeed.com/viewjob?jk=fb617eeb80ea6fa9
[홈쇼핑모아] 검색 개발팀 / 백엔드 엔지니어,버즈니,서울,https://kr.indeed.com/viewjob?jk=0f7280d26837bc74
Information Management Office Cybersecurity Engineer,Booz Allen Hamilton,서울,https://kr.indeed.com/viewjob?jk=4c3776c4cce63109
[기술 공채] 보안,NHN] [기술 경력공채,성남 판교역,https://kr.indeed.com/viewjob?jk=6c6dff0556281b12
Support Engineer _ Devices & IoT,Microsoft,서울,https://kr.indeed.com/viewjob?jk=7af1798e214d4067
'20년 AMOREPACIFIC 경력채용_플랫폼 Back-end 개발,아모레퍼시픽,서울,https://kr.indeed.com/viewjob?jk=f5c01b19321fc57d
[기술 공채] 데이터 사이언스 및 엔지니어링,NHN] [기술 경력공채,성남 판교역,https://kr.indeed.com/viewjob?jk=5ffec23a04cd7389
S/W개발자 (RPA경험자 우대),테이크솔루션,서울 성동구,https://kr.indeed.com/viewjob?jk=74f8e3797b21c046
Python Backend Software Engineer,하이퍼커넥트,서울,https://kr.indeed.com/viewjob?jk=50658c145dd586bc
[전문연구요원] 상시,네이버,서울,https://kr.indeed.com/viewjob?jk=b79c2ae536063b01
mmWave HW Design Engineer,Apple,서울,https://kr.indeed.com/viewjob?jk=abfc94fd3a20ea51
데이터분석가(팀장급),리디,서울,https://kr.indeed.com/viewjob?jk=cbe0597a3d8626aa
데이터 분석가(팀원급),리디,서울,https://kr.indeed.com/viewjob?jk=8d5037b0b9d2f4b4
[Search] [Vision] Computer Vision Engineer 체험형 인턴,네이버,서울,https://kr.indeed.com/viewjob?jk=a41d35173ffe4666
Technical Solutions Engineer,MightyHive,서울,https://kr.indeed.com/viewjob?jk=2d83dcf8baac736b
[Clova] Clova AI 인재,네이버,서울,https://kr.indeed.com/viewjob?jk=92bd400e3b5306ba
"Cybersecurity Policy Specialist, Mid",Booz Allen Hamilton,경기도 평택,https://kr.indeed.com/viewjob?jk=45773a15dc174fee
Technical Consultant Intern,Amazon Web Services Korea LLC,서울,https://kr.indeed.com/viewjob?jk=7c10dc52b2252e38
파이썬(Python) 로보 콘텐츠 개발자,주)씽크풀,서울 영등포구,https://kr.indeed.com/viewjob?jk=01cdcb195429b7cf
Machine Learning Researcher – Audio and Speech,Qualcomm,서울,https://kr.indeed.com/viewjob?jk=2709ae011d0109c5
BIGDATA ENGINEER,한국씨티은행,서울 영등포구,https://kr.indeed.com/viewjob?jk=7a21bbf2831e697c
PMIC S/W APPS Engineering – Senior to Staff,Qualcomm,서울,https://kr.indeed.com/viewjob?jk=01cdfff2d55c2fa5
[피파온라인4] 테크니컬 아티스트,Electronic Arts,서울,https://kr.indeed.com/viewjob?jk=0bce5c7e8c1e521d
분석지원팀 - 데이터 분석가,Nexon,성남 분당구,https://kr.indeed.com/viewjob?jk=4233609a843b5e96
Analytical Reporting Developer,SAP,서울,https://kr.indeed.com/viewjob?jk=ea4d3e6e8c3fcd02
Bigdata Engineer,CITI,서울,https://kr.indeed.com/viewjob?jk=edcab5d26dbb740b
"NAVER, LINE 서비스 플랫폼 운영",엔아이티서비스,성남 분당구,https://kr.indeed.com/viewjob?jk=58937c7087577743
[Autonomous Driving] Virtual Environment Simulation Engineer,네이버,서울,https://kr.indeed.com/viewjob?jk=5ed0334bca0963cb
[인재풀] 아티스트,Electronic Arts,서울,https://kr.indeed.com/viewjob?jk=aac8e9355cb855ac
[기술 공채] 검색개발,NHN] [기술 경력공채,성남 판교역,https://kr.indeed.com/viewjob?jk=2c1df0efad166295
Support Engineer _ Azure PaaS,Microsoft,서울,https://kr.indeed.com/viewjob?jk=01bc879744c28f9c
Staff AE,Synopsys,서울,https://kr.indeed.com/viewjob?jk=c388192aa3ac0634
Field Application Productivity Competence Engineer_Pyeongtaek,ASML,경기도 평택,https://kr.indeed.com/viewjob?jk=b4bff26ba52f4e68
Applications Engineer (Library Characterization),Synopsys,서울,https://kr.indeed.com/viewjob?jk=8c8700db243d1a3c
"영상처리 (Unity, S/W, Logic) 개발자",엠앤앤에이치,서울 성동구,https://kr.indeed.com/viewjob?jk=eddebb8055e71f8e
"R&D Engineer, Sr I",Synopsys,서울,https://kr.indeed.com/viewjob?jk=432b169b273d9964
Data Scientist,레이니스트,서울,https://kr.indeed.com/viewjob?jk=c4146edac244e5a5
Data Scientist (LINE TIMELINE),LINE Plus corporation,성남 서현역,https://kr.indeed.com/viewjob?jk=747e809417b65ce3
데이터 분석가,카카오,성남 판교역,https://kr.indeed.com/viewjob?jk=092d062a6faa7139
Data Scientist,Boston Consulting Group,서울,https://kr.indeed.com/viewjob?jk=ce6747e77c861c46
데이터사이언스,현대모비스,서울 강남구,https://kr.indeed.com/viewjob?jk=b2dcde80ceb3c957
2020 Market Data Analyst - Seoul (Korean Speaker),Bloomberg,서울,https://kr.indeed.com/viewjob?jk=b3dc36f873b9e4e3
데이터 분석가 (Business Intelligence Analyst),코스닥 상장 중견 게임기업,서울 강남구,https://kr.indeed.com/viewjob?jk=c1037225077ca4da
2020년도 각 부문별 경력사원,에이에스엠엘코리아,경기도 평택,https://kr.indeed.com/viewjob?jk=1567c595a4a03300
Machine Learning Research - Speech Recognition,Qualcomm,서울,https://kr.indeed.com/viewjob?jk=19b7736d5aa3f7e5
Support Engineer,Microsoft,서울,https://kr.indeed.com/viewjob?jk=0bbf23c0930be392
Datacenter Engineer,Oracle,서울,https://kr.indeed.com/viewjob?jk=093f47c6ce49b7a8
[홈쇼핑모아] 핵심기능 개발팀 / 백엔드 엔지니어,버즈니,서울,https://kr.indeed.com/viewjob?jk=513eac573df04da8
데이터 전문가 경력,LG CNS,서울,https://kr.indeed.com/viewjob?jk=58cc6ed62bc6c250
Developer / Designer recruit,마이뮤직테이스트,서울 논현동,https://kr.indeed.com/viewjob?jk=55a19c92c845685e
[Search] Global API 서빙 플랫폼 개발,네이버,서울,https://kr.indeed.com/viewjob?jk=6644e94fb52e7c0b
'20년 AMOREPACIFIC 경력채용_플랫폼 Back-end 개발,아모레퍼시픽,서울,https://kr.indeed.com/viewjob?jk=f5c01b19321fc57d
S/W개발자 (RPA경험자 우대),테이크솔루션,서울 성동구,https://kr.indeed.com/viewjob?jk=74f8e3797b21c046
[Talent Pool] Full-Stack Developer,Calm Island,서울,https://kr.indeed.com/viewjob?jk=9e820d9166d806d1
Information Management Office Cybersecurity Engineer,Booz Allen Hamilton,서울,https://kr.indeed.com/viewjob?jk=4c3776c4cce63109
(개인마케팅부)데이터분석전문직무직원,KB국민은행,서울 여의도,https://kr.indeed.com/viewjob?jk=79f80f0f02838328
Technical Consultant Intern,Amazon Web Services Korea LLC,서울,https://kr.indeed.com/viewjob?jk=7c10dc52b2252e38
[기술 공채] 보안,NHN] [기술 경력공채,성남 판교역,https://kr.indeed.com/viewjob?jk=6c6dff0556281b12
AI/빅데이터/클라우드 분야 (인재 Pool),LG유플러스,서울,https://kr.indeed.com/viewjob?jk=fb617eeb80ea6fa9
[홈쇼핑모아] 검색 개발팀 / 백엔드 엔지니어,버즈니,서울,https://kr.indeed.com/viewjob?jk=0f7280d26837bc74
Support Engineer _ Devices & IoT,Microsoft,서울,https://kr.indeed.com/viewjob?jk=7af1798e214d4067
[전문연구요원] 상시,네이버,서울,https://kr.indeed.com/viewjob?jk=b79c2ae536063b01
[기술 공채] 데이터 사이언스 및 엔지니어링,NHN] [기술 경력공채,성남 판교역,https://kr.indeed.com/viewjob?jk=5ffec23a04cd7389
"Cybersecurity Policy Specialist, Mid",Booz Allen Hamilton,경기도 평택,https://kr.indeed.com/viewjob?jk=45773a15dc174fee
데이터분석가(팀장급),리디,서울,https://kr.indeed.com/viewjob?jk=cbe0597a3d8626aa
데이터 분석가(팀원급),리디,서울,https://kr.indeed.com/viewjob?jk=8d5037b0b9d2f4b4
파이썬(Python) 로보 콘텐츠 개발자,주)씽크풀,서울 영등포구,https://kr.indeed.com/viewjob?jk=01cdcb195429b7cf
[Clova] Clova AI 인재,네이버,서울,https://kr.indeed.com/viewjob?jk=92bd400e3b5306ba
Staff AE,Synopsys,서울,https://kr.indeed.com/viewjob?jk=c388192aa3ac0634
Python Backend Software Engineer,하이퍼커넥트,서울,https://kr.indeed.com/viewjob?jk=50658c145dd586bc
[Autonomous Driving] Virtual Environment Simulation Engineer,네이버,서울,https://kr.indeed.com/viewjob?jk=5ed0334bca0963cb
[피파온라인4] 테크니컬 아티스트,Electronic Arts,서울,https://kr.indeed.com/viewjob?jk=0bce5c7e8c1e521d
"NAVER, LINE 서비스 플랫폼 운영",엔아이티서비스,성남 분당구,https://kr.indeed.com/viewjob?jk=58937c7087577743
Technical Solutions Engineer,MightyHive,서울,https://kr.indeed.com/viewjob?jk=2d83dcf8baac736b
[Search] [Vision] Computer Vision Engineer 체험형 인턴,네이버,서울,https://kr.indeed.com/viewjob?jk=a41d35173ffe4666
"영상처리 (Unity, S/W, Logic) 개발자",엠앤앤에이치,서울 성동구,https://kr.indeed.com/viewjob?jk=eddebb8055e71f8e
분석지원팀 - 데이터 분석가,Nexon,성남 분당구,https://kr.indeed.com/viewjob?jk=4233609a843b5e96
Analytical Reporting Developer,SAP,서울,https://kr.indeed.com/viewjob?jk=ea4d3e6e8c3fcd02
BIGDATA ENGINEER,한국씨티은행,서울 영등포구,https://kr.indeed.com/viewjob?jk=7a21bbf2831e697c
[기술 공채] 검색개발,NHN] [기술 경력공채,성남 판교역,https://kr.indeed.com/viewjob?jk=2c1df0efad166295
Bigdata Engineer,CITI,서울,https://kr.indeed.com/viewjob?jk=edcab5d26dbb740b
mmWave HW Design Engineer,Apple,서울,https://kr.indeed.com/viewjob?jk=abfc94fd3a20ea51
디지털 전략 전문가 양성과정 교육/참여자,휴넷,서울 구로구,https://kr.indeed.com/viewjob?jk=69c4af8713e64d0d
[인재풀] 아티스트,Electronic Arts,서울,https://kr.indeed.com/viewjob?jk=aac8e9355cb855ac
"R&D 개발자 영입 (측위 엔지니어, 퍼셉션(인지) 엔지니어)",카카오모빌리티,성남 분당구,https://kr.indeed.com/viewjob?jk=7306ae8064c6b202
PMIC S/W APPS Engineering – Senior to Staff,Qualcomm,서울,https://kr.indeed.com/viewjob?jk=01cdfff2d55c2fa5
데이터 분석가,카카오,성남 판교역,https://kr.indeed.com/viewjob?jk=092d062a6faa7139
Machine Learning Researcher – Audio and Speech,Qualcomm,서울,https://kr.indeed.com/viewjob?jk=2709ae011d0109c5
Data Scientist (LINE TIMELINE),LINE Plus corporation,성남 서현역,https://kr.indeed.com/viewjob?jk=747e809417b65ce3
Field Application Productivity Competence Engineer_Pyeongtaek,ASML,경기도 평택,https://kr.indeed.com/viewjob?jk=b4bff26ba52f4e68
광고팀 - 분석가,Nexon,성남 분당구,https://kr.indeed.com/viewjob?jk=3a08c7089343733d
Applications Engineer (Library Characterization),Synopsys,서울,https://kr.indeed.com/viewjob?jk=8c8700db243d1a3c
[코인빗] 암호화폐거래소 개발팀 Python Django,엑시아,서울 강남구,https://kr.indeed.com/viewjob?jk=38d755ab62b3dc31
데이터사이언스,현대모비스,서울 강남구,https://kr.indeed.com/viewjob?jk=b2dcde80ceb3c957
2020 Market Data Analyst - Seoul (Korean Speaker),Bloomberg,서울,https://kr.indeed.com/viewjob?jk=b3dc36f873b9e4e3
2020년도 각 부문별 경력사원,에이에스엠엘코리아,경기도 평택,https://kr.indeed.com/viewjob?jk=1567c595a4a03300
Machine Learning Research - Speech Recognition,Qualcomm,서울,https://kr.indeed.com/viewjob?jk=19b7736d5aa3f7e5
Support Engineer,Microsoft,서울,https://kr.indeed.com/viewjob?jk=0bbf23c0930be392
Datacenter Engineer,Oracle,서울,https://kr.indeed.com/viewjob?jk=093f47c6ce49b7a8
[홈쇼핑모아] 핵심기능 개발팀 / 백엔드 엔지니어,버즈니,서울,https://kr.indeed.com/viewjob?jk=513eac573df04da8
데이터 전문가 경력,LG CNS,서울,https://kr.indeed.com/viewjob?jk=58cc6ed62bc6c250
Developer / Designer recruit,마이뮤직테이스트,서울 논현동,https://kr.indeed.com/viewjob?jk=55a19c92c845685e
[Search] Global API 서빙 플랫폼 개발,네이버,서울,https://kr.indeed.com/viewjob?jk=6644e94fb52e7c0b
'20년 AMOREPACIFIC 경력채용_플랫폼 Back-end 개발,아모레퍼시픽,서울,https://kr.indeed.com/viewjob?jk=f5c01b19321fc57d
S/W개발자 (RPA경험자 우대),테이크솔루션,서울 성동구,https://kr.indeed.com/viewjob?jk=74f8e3797b21c046
[Talent Pool] Full-Stack Developer,Calm Island,서울,https://kr.indeed.com/viewjob?jk=9e820d9166d806d1
Information Management Office Cybersecurity Engineer,Booz Allen Hamilton,서울,https://kr.indeed.com/viewjob?jk=4c3776c4cce63109
데이터 분석가 (Business Intelligence Analyst),코스닥 상장 중견 게임기업,서울 강남구,https://kr.indeed.com/viewjob?jk=c1037225077ca4da
데이터사이언스,현대모비스,서울 강남구,https://kr.indeed.com/viewjob?jk=b2dcde80ceb3c957
2020 Market Data Analyst - Seoul (Korean Speaker),Bloomberg,서울,https://kr.indeed.com/viewjob?jk=b3dc36f873b9e4e3
데이터 분석가 (Business Intelligence Analyst),코스닥 상장 중견 게임기업,서울 강남구,https://kr.indeed.com/viewjob?jk=c1037225077ca4da
2020년도 각 부문별 경력사원,에이에스엠엘코리아,경기도 평택,https://kr.indeed.com/viewjob?jk=1567c595a4a03300
Machine Learning Research - Speech Recognition,Qualcomm,서울,https://kr.indeed.com/viewjob?jk=19b7736d5aa3f7e5
Datacenter Engineer,Oracle,서울,https://kr.indeed.com/viewjob?jk=093f47c6ce49b7a8
데이터 전문가 경력,LG CNS,서울,https://kr.indeed.com/viewjob?jk=58cc6ed62bc6c250
[홈쇼핑모아] 핵심기능 개발팀 / 백엔드 엔지니어,버즈니,서울,https://kr.indeed.com/viewjob?jk=513eac573df04da8
Support Engineer,Microsoft,서울,https://kr.indeed.com/viewjob?jk=0bbf23c0930be392
[Search] Global API 서빙 플랫폼 개발,네이버,서울,https://kr.indeed.com/viewjob?jk=6644e94fb52e7c0b
[Talent Pool] Full-Stack Developer,Calm Island,서울,https://kr.indeed.com/viewjob?jk=9e820d9166d806d1
Developer / Designer recruit,마이뮤직테이스트,서울 논현동,https://kr.indeed.com/viewjob?jk=55a19c92c845685e
(개인마케팅부)데이터분석전문직무직원,KB국민은행,서울 여의도,https://kr.indeed.com/viewjob?jk=79f80f0f02838328
AI/빅데이터/클라우드 분야 (인재 Pool),LG유플러스,서울,https://kr.indeed.com/viewjob?jk=fb617eeb80ea6fa9
[홈쇼핑모아] 검색 개발팀 / 백엔드 엔지니어,버즈니,서울,https://kr.indeed.com/viewjob?jk=0f7280d26837bc74
Information Management Office Cybersecurity Engineer,Booz Allen Hamilton,서울,https://kr.indeed.com/viewjob?jk=4c3776c4cce63109
[기술 공채] 보안,NHN] [기술 경력공채,성남 판교역,https://kr.indeed.com/viewjob?jk=6c6dff0556281b12
Support Engineer _ Devices & IoT,Microsoft,서울,https://kr.indeed.com/viewjob?jk=7af1798e214d4067
'20년 AMOREPACIFIC 경력채용_플랫폼 Back-end 개발,아모레퍼시픽,서울,https://kr.indeed.com/viewjob?jk=f5c01b19321fc57d
[기술 공채] 데이터 사이언스 및 엔지니어링,NHN] [기술 경력공채,성남 판교역,https://kr.indeed.com/viewjob?jk=5ffec23a04cd7389
S/W개발자 (RPA경험자 우대),테이크솔루션,서울 성동구,https://kr.indeed.com/viewjob?jk=74f8e3797b21c046
Python Backend Software Engineer,하이퍼커넥트,서울,https://kr.indeed.com/viewjob?jk=50658c145dd586bc
[전문연구요원] 상시,네이버,서울,https://kr.indeed.com/viewjob?jk=b79c2ae536063b01
mmWave HW Design Engineer,Apple,서울,https://kr.indeed.com/viewjob?jk=abfc94fd3a20ea51
데이터분석가(팀장급),리디,서울,https://kr.indeed.com/viewjob?jk=cbe0597a3d8626aa
데이터 분석가(팀원급),리디,서울,https://kr.indeed.com/viewjob?jk=8d5037b0b9d2f4b4
[Search] [Vision] Computer Vision Engineer 체험형 인턴,네이버,서울,https://kr.indeed.com/viewjob?jk=a41d35173ffe4666
Technical Solutions Engineer,MightyHive,서울,https://kr.indeed.com/viewjob?jk=2d83dcf8baac736b
[Clova] Clova AI 인재,네이버,서울,https://kr.indeed.com/viewjob?jk=92bd400e3b5306ba
"Cybersecurity Policy Specialist, Mid",Booz Allen Hamilton,경기도 평택,https://kr.indeed.com/viewjob?jk=45773a15dc174fee
Technical Consultant Intern,Amazon Web Services Korea LLC,서울,https://kr.indeed.com/viewjob?jk=7c10dc52b2252e38
파이썬(Python) 로보 콘텐츠 개발자,주)씽크풀,서울 영등포구,https://kr.indeed.com/viewjob?jk=01cdcb195429b7cf
Machine Learning Researcher – Audio and Speech,Qualcomm,서울,https://kr.indeed.com/viewjob?jk=2709ae011d0109c5
BIGDATA ENGINEER,한국씨티은행,서울 영등포구,https://kr.indeed.com/viewjob?jk=7a21bbf2831e697c
PMIC S/W APPS Engineering – Senior to Staff,Qualcomm,서울,https://kr.indeed.com/viewjob?jk=01cdfff2d55c2fa5
[피파온라인4] 테크니컬 아티스트,Electronic Arts,서울,https://kr.indeed.com/viewjob?jk=0bce5c7e8c1e521d
분석지원팀 - 데이터 분석가,Nexon,성남 분당구,https://kr.indeed.com/viewjob?jk=4233609a843b5e96
Analytical Reporting Developer,SAP,서울,https://kr.indeed.com/viewjob?jk=ea4d3e6e8c3fcd02
Bigdata Engineer,CITI,서울,https://kr.indeed.com/viewjob?jk=edcab5d26dbb740b
"NAVER, LINE 서비스 플랫폼 운영",엔아이티서비스,성남 분당구,https://kr.indeed.com/viewjob?jk=58937c7087577743
[Autonomous Driving] Virtual Environment Simulation Engineer,네이버,서울,https://kr.indeed.com/viewjob?jk=5ed0334bca0963cb
[인재풀] 아티스트,Electronic Arts,서울,https://kr.indeed.com/viewjob?jk=aac8e9355cb855ac
[기술 공채] 검색개발,NHN] [기술 경력공채,성남 판교역,https://kr.indeed.com/viewjob?jk=2c1df0efad166295
Support Engineer _ Azure PaaS,Microsoft,서울,https://kr.indeed.com/viewjob?jk=01bc879744c28f9c
Staff AE,Synopsys,서울,https://kr.indeed.com/viewjob?jk=c388192aa3ac0634
Field Application Productivity Competence Engineer_Pyeongtaek,ASML,경기도 평택,https://kr.indeed.com/viewjob?jk=b4bff26ba52f4e68
Applications Engineer (Library Characterization),Synopsys,서울,https://kr.indeed.com/viewjob?jk=8c8700db243d1a3c
"영상처리 (Unity, S/W, Logic) 개발자",엠앤앤에이치,서울 성동구,https://kr.indeed.com/viewjob?jk=eddebb8055e71f8e
"R&D Engineer, Sr I",Synopsys,서울,https://kr.indeed.com/viewjob?jk=432b169b273d9964
Data Scientist,레이니스트,서울,https://kr.indeed.com/viewjob?jk=c4146edac244e5a5
Data Scientist (LINE TIMELINE),LINE Plus corporation,성남 서현역,https://kr.indeed.com/viewjob?jk=747e809417b65ce3
데이터 분석가,카카오,성남 판교역,https://kr.indeed.com/viewjob?jk=092d062a6faa7139
Data Scientist,Boston Consulting Group,서울,https://kr.indeed.com/viewjob?jk=ce6747e77c861c46
데이터사이언스,현대모비스,서울 강남구,https://kr.indeed.com/viewjob?jk=b2dcde80ceb3c957
2020 Market Data Analyst - Seoul (Korean Speaker),Bloomberg,서울,https://kr.indeed.com/viewjob?jk=b3dc36f873b9e4e3
데이터 분석가 (Business Intelligence Analyst),코스닥 상장 중견 게임기업,서울 강남구,https://kr.indeed.com/viewjob?jk=c1037225077ca4da
2020년도 각 부문별 경력사원,에이에스엠엘코리아,경기도 평택,https://kr.indeed.com/viewjob?jk=1567c595a4a03300
Machine Learning Research - Speech Recognition,Qualcomm,서울,https://kr.indeed.com/viewjob?jk=19b7736d5aa3f7e5
Datacenter Engineer,Oracle,서울,https://kr.indeed.com/viewjob?jk=093f47c6ce49b7a8
데이터 전문가 경력,LG CNS,서울,https://kr.indeed.com/viewjob?jk=58cc6ed62bc6c250
[홈쇼핑모아] 핵심기능 개발팀 / 백엔드 엔지니어,버즈니,서울,https://kr.indeed.com/viewjob?jk=513eac573df04da8
Support Engineer,Microsoft,서울,https://kr.indeed.com/viewjob?jk=0bbf23c0930be392
[Search] Global API 서빙 플랫폼 개발,네이버,서울,https://kr.indeed.com/viewjob?jk=6644e94fb52e7c0b
[Talent Pool] Full-Stack Developer,Calm Island,서울,https://kr.indeed.com/viewjob?jk=9e820d9166d806d1
Developer / Designer recruit,마이뮤직테이스트,서울 논현동,https://kr.indeed.com/viewjob?jk=55a19c92c845685e
(개인마케팅부)데이터분석전문직무직원,KB국민은행,서울 여의도,https://kr.indeed.com/viewjob?jk=79f80f0f02838328
AI/빅데이터/클라우드 분야 (인재 Pool),LG유플러스,서울,https://kr.indeed.com/viewjob?jk=fb617eeb80ea6fa9
[홈쇼핑모아] 검색 개발팀 / 백엔드 엔지니어,버즈니,서울,https://kr.indeed.com/viewjob?jk=0f7280d26837bc74
Information Management Office Cybersecurity Engineer,Booz Allen Hamilton,서울,https://kr.indeed.com/viewjob?jk=4c3776c4cce63109
[기술 공채] 보안,NHN] [기술 경력공채,성남 판교역,https://kr.indeed.com/viewjob?jk=6c6dff0556281b12
Support Engineer _ Devices & IoT,Microsoft,서울,https://kr.indeed.com/viewjob?jk=7af1798e214d4067
'20년 AMOREPACIFIC 경력채용_플랫폼 Back-end 개발,아모레퍼시픽,서울,https://kr.indeed.com/viewjob?jk=f5c01b19321fc57d
[기술 공채] 데이터 사이언스 및 엔지니어링,NHN] [기술 경력공채,성남 판교역,https://kr.indeed.com/viewjob?jk=5ffec23a04cd7389
S/W개발자 (RPA경험자 우대),테이크솔루션,서울 성동구,https://kr.indeed.com/viewjob?jk=74f8e3797b21c046
Python Backend Software Engineer,하이퍼커넥트,서울,https://kr.indeed.com/viewjob?jk=50658c145dd586bc
[전문연구요원] 상시,네이버,서울,https://kr.indeed.com/viewjob?jk=b79c2ae536063b01
mmWave HW Design Engineer,Apple,서울,https://kr.indeed.com/viewjob?jk=abfc94fd3a20ea51
데이터분석가(팀장급),리디,서울,https://kr.indeed.com/viewjob?jk=cbe0597a3d8626aa
데이터 분석가(팀원급),리디,서울,https://kr.indeed.com/viewjob?jk=8d5037b0b9d2f4b4
[Search] [Vision] Computer Vision Engineer 체험형 인턴,네이버,서울,https://kr.indeed.com/viewjob?jk=a41d35173ffe4666
Technical Solutions Engineer,MightyHive,서울,https://kr.indeed.com/viewjob?jk=2d83dcf8baac736b
[Clova] Clova AI 인재,네이버,서울,https://kr.indeed.com/viewjob?jk=92bd400e3b5306ba
"Cybersecurity Policy Specialist, Mid",Booz Allen Hamilton,경기도 평택,https://kr.indeed.com/viewjob?jk=45773a15dc174fee
Technical Consultant Intern,Amazon Web Services Korea LLC,서울,https://kr.indeed.com/viewjob?jk=7c10dc52b2252e38
파이썬(Python) 로보 콘텐츠 개발자,주)씽크풀,서울 영등포구,https://kr.indeed.com/viewjob?jk=01cdcb195429b7cf
Machine Learning Researcher – Audio and Speech,Qualcomm,서울,https://kr.indeed.com/viewjob?jk=2709ae011d0109c5
BIGDATA ENGINEER,한국씨티은행,서울 영등포구,https://kr.indeed.com/viewjob?jk=7a21bbf2831e697c
PMIC S/W APPS Engineering – Senior to Staff,Qualcomm,서울,https://kr.indeed.com/viewjob?jk=01cdfff2d55c2fa5
[피파온라인4] 테크니컬 아티스트,Electronic Arts,서울,https://kr.indeed.com/viewjob?jk=0bce5c7e8c1e521d
분석지원팀 - 데이터 분석가,Nexon,성남 분당구,https://kr.indeed.com/viewjob?jk=4233609a843b5e96
Analytical Reporting Developer,SAP,서울,https://kr.indeed.com/viewjob?jk=ea4d3e6e8c3fcd02
Bigdata Engineer,CITI,서울,https://kr.indeed.com/viewjob?jk=edcab5d26dbb740b
"NAVER, LINE 서비스 플랫폼 운영",엔아이티서비스,성남 분당구,https://kr.indeed.com/viewjob?jk=58937c7087577743
[Autonomous Driving] Virtual Environment Simulation Engineer,네이버,서울,https://kr.indeed.com/viewjob?jk=5ed0334bca0963cb
[인재풀] 아티스트,Electronic Arts,서울,https://kr.indeed.com/viewjob?jk=aac8e9355cb855ac
[기술 공채] 검색개발,NHN] [기술 경력공채,성남 판교역,https://kr.indeed.com/viewjob?jk=2c1df0efad166295
Support Engineer _ Azure PaaS,Microsoft,서울,https://kr.indeed.com/viewjob?jk=01bc879744c28f9c
Staff AE,Synopsys,서울,https://kr.indeed.com/viewjob?jk=c388192aa3ac0634
Field Application Productivity Competence Engineer_Pyeongtaek,ASML,경기도 평택,https://kr.indeed.com/viewjob?jk=b4bff26ba52f4e68
Applications Engineer (Library Characterization),Synopsys,서울,https://kr.indeed.com/viewjob?jk=8c8700db243d1a3c
"영상처리 (Unity, S/W, Logic) 개발자",엠앤앤에이치,서울 성동구,https://kr.indeed.com/viewjob?jk=eddebb8055e71f8e
"R&D Engineer, Sr I",Synopsys,서울,https://kr.indeed.com/viewjob?jk=432b169b273d9964
Data Scientist,레이니스트,서울,https://kr.indeed.com/viewjob?jk=c4146edac244e5a5
Data Scientist (LINE TIMELINE),LINE Plus corporation,성남 서현역,https://kr.indeed.com/viewjob?jk=747e809417b65ce3
데이터 분석가,카카오,성남 판교역,https://kr.indeed.com/viewjob?jk=092d062a6faa7139
Data Scientist,Boston Consulting Group,서울,https://kr.indeed.com/viewjob?jk=ce6747e77c861c46
데이터사이언스,현대모비스,서울 강남구,https://kr.indeed.com/viewjob?jk=b2dcde80ceb3c957
2020 Market Data Analyst - Seoul (Korean Speaker),Bloomberg,서울,https://kr.indeed.com/viewjob?jk=b3dc36f873b9e4e3
데이터 분석가 (Business Intelligence Analyst),코스닥 상장 중견 게임기업,서울 강남구,https://kr.indeed.com/viewjob?jk=c1037225077ca4da
2020년도 각 부문별 경력사원,에이에스엠엘코리아,경기도 평택,https://kr.indeed.com/viewjob?jk=1567c595a4a03300
Machine Learning Research - Speech Recognition,Qualcomm,서울,https://kr.indeed.com/viewjob?jk=19b7736d5aa3f7e5
Datacenter Engineer,Oracle,서울,https://kr.indeed.com/viewjob?jk=093f47c6ce49b7a8
데이터 전문가 경력,LG CNS,서울,https://kr.indeed.com/viewjob?jk=58cc6ed62bc6c250
[홈쇼핑모아] 핵심기능 개발팀 / 백엔드 엔지니어,버즈니,서울,https://kr.indeed.com/viewjob?jk=513eac573df04da8
Support Engineer,Microsoft,서울,https://kr.indeed.com/viewjob?jk=0bbf23c0930be392
[Search] Global API 서빙 플랫폼 개발,네이버,서울,https://kr.indeed.com/viewjob?jk=6644e94fb52e7c0b
[Talent Pool] Full-Stack Developer,Calm Island,서울,https://kr.indeed.com/viewjob?jk=9e820d9166d806d1
Developer / Designer recruit,마이뮤직테이스트,서울 논현동,https://kr.indeed.com/viewjob?jk=55a19c92c845685e
(개인마케팅부)데이터분석전문직무직원,KB국민은행,서울 여의도,https://kr.indeed.com/viewjob?jk=79f80f0f02838328
AI/빅데이터/클라우드 분야 (인재 Pool),LG유플러스,서울,https://kr.indeed.com/viewjob?jk=fb617eeb80ea6fa9
[홈쇼핑모아] 검색 개발팀 / 백엔드 엔지니어,버즈니,서울,https://kr.indeed.com/viewjob?jk=0f7280d26837bc74
Information Management Office Cybersecurity Engineer,Booz Allen Hamilton,서울,https://kr.indeed.com/viewjob?jk=4c3776c4cce63109
[기술 공채] 보안,NHN] [기술 경력공채,성남 판교역,https://kr.indeed.com/viewjob?jk=6c6dff0556281b12
Support Engineer _ Devices & IoT,Microsoft,서울,https://kr.indeed.com/viewjob?jk=7af1798e214d4067
'20년 AMOREPACIFIC 경력채용_플랫폼 Back-end 개발,아모레퍼시픽,서울,https://kr.indeed.com/viewjob?jk=f5c01b19321fc57d
[기술 공채] 데이터 사이언스 및 엔지니어링,NHN] [기술 경력공채,성남 판교역,https://kr.indeed.com/viewjob?jk=5ffec23a04cd7389
S/W개발자 (RPA경험자 우대),테이크솔루션,서울 성동구,https://kr.indeed.com/viewjob?jk=74f8e3797b21c046
Python Backend Software Engineer,하이퍼커넥트,서울,https://kr.indeed.com/viewjob?jk=50658c145dd586bc
[전문연구요원] 상시,네이버,서울,https://kr.indeed.com/viewjob?jk=b79c2ae536063b01
mmWave HW Design Engineer,Apple,서울,https://kr.indeed.com/viewjob?jk=abfc94fd3a20ea51
데이터분석가(팀장급),리디,서울,https://kr.indeed.com/viewjob?jk=cbe0597a3d8626aa
데이터 분석가(팀원급),리디,서울,https://kr.indeed.com/viewjob?jk=8d5037b0b9d2f4b4
[Search] [Vision] Computer Vision Engineer 체험형 인턴,네이버,서울,https://kr.indeed.com/viewjob?jk=a41d35173ffe4666
Technical Solutions Engineer,MightyHive,서울,https://kr.indeed.com/viewjob?jk=2d83dcf8baac736b
[Clova] Clova AI 인재,네이버,서울,https://kr.indeed.com/viewjob?jk=92bd400e3b5306ba
"Cybersecurity Policy Specialist, Mid",Booz Allen Hamilton,경기도 평택,https://kr.indeed.com/viewjob?jk=45773a15dc174fee
Technical Consultant Intern,Amazon Web Services Korea LLC,서울,https://kr.indeed.com/viewjob?jk=7c10dc52b2252e38
파이썬(Python) 로보 콘텐츠 개발자,주)씽크풀,서울 영등포구,https://kr.indeed.com/viewjob?jk=01cdcb195429b7cf
Machine Learning Researcher – Audio and Speech,Qualcomm,서울,https://kr.indeed.com/viewjob?jk=2709ae011d0109c5
BIGDATA ENGINEER,한국씨티은행,서울 영등포구,https://kr.indeed.com/viewjob?jk=7a21bbf2831e697c
PMIC S/W APPS Engineering – Senior to Staff,Qualcomm,서울,https://kr.indeed.com/viewjob?jk=01cdfff2d55c2fa5
[피파온라인4] 테크니컬 아티스트,Electronic Arts,서울,https://kr.indeed.com/viewjob?jk=0bce5c7e8c1e521d
분석지원팀 - 데이터 분석가,Nexon,성남 분당구,https://kr.indeed.com/viewjob?jk=4233609a843b5e96
Analytical Reporting Developer,SAP,서울,https://kr.indeed.com/viewjob?jk=ea4d3e6e8c3fcd02
Bigdata Engineer,CITI,서울,https://kr.indeed.com/viewjob?jk=edcab5d26dbb740b
"NAVER, LINE 서비스 플랫폼 운영",엔아이티서비스,성남 분당구,https://kr.indeed.com/viewjob?jk=58937c7087577743
[Autonomous Driving] Virtual Environment Simulation Engineer,네이버,서울,https://kr.indeed.com/viewjob?jk=5ed0334bca0963cb
[인재풀] 아티스트,Electronic Arts,서울,https://kr.indeed.com/viewjob?jk=aac8e9355cb855ac
[기술 공채] 검색개발,NHN] [기술 경력공채,성남 판교역,https://kr.indeed.com/viewjob?jk=2c1df0efad166295
Support Engineer _ Azure PaaS,Microsoft,서울,https://kr.indeed.com/viewjob?jk=01bc879744c28f9c
Staff AE,Synopsys,서울,https://kr.indeed.com/viewjob?jk=c388192aa3ac0634
Field Application Productivity Competence Engineer_Pyeongtaek,ASML,경기도 평택,https://kr.indeed.com/viewjob?jk=b4bff26ba52f4e68
Applications Engineer (Library Characterization),Synopsys,서울,https://kr.indeed.com/viewjob?jk=8c8700db243d1a3c
"영상처리 (Unity, S/W, Logic) 개발자",엠앤앤에이치,서울 성동구,https://kr.indeed.com/viewjob?jk=eddebb8055e71f8e
"R&D Engineer, Sr I",Synopsys,서울,https://kr.indeed.com/viewjob?jk=432b169b273d9964
Data Scientist,레이니스트,서울,https://kr.indeed.com/viewjob?jk=c4146edac244e5a5
Data Scientist (LINE TIMELINE),LINE Plus corporation,성남 서현역,https://kr.indeed.com/viewjob?jk=747e809417b65ce3
데이터 분석가,카카오,성남 판교역,https://kr.indeed.com/viewjob?jk=092d062a6faa7139
Data Scientist,Boston Consulting Group,서울,https://kr.indeed.com/viewjob?jk=ce6747e77c861c46
